movieId,title,uri
77,Nico Icon (1995),
83,Once Upon a Time... When We Were Colored (1995),http://dbpedia.org/resource/Once_Upon_a_Time...When_We_Were_Colored
85,Angels and Insects (1995),http://dbpedia.org/resource/Angels_&_Insects
106,Nobody Loves Me (Keiner liebt mich) (1994),
116,Anne Frank Remembered (1995),http://dbpedia.org/resource/Anne_Frank_Remembered
119,"Steal Big, Steal Little (1995)",http://dbpedia.org/resource/Steal_Big_Steal_Little
121,"Boys of St. Vincent, The (1992)",http://dbpedia.org/resource/The_Boys_of_St._Vincent
128,Jupiter's Wife (1994),
242,Farinelli: il castrato (1994),http://dbpedia.org/resource/Farinelli_(film)
260,Star Wars: Episode IV - A New Hope (1977),http://dbpedia.org/resource/Star_Wars_(film)
284,New York Cop (Nyû Yôku no koppu) (1993),
285,Beyond Bedlam (1993),
305,Ready to Wear (Pret-A-Porter) (1994),http://dbpedia.org/resource/Prêt-à-Porter_(film)
308,Three Colors: White (Trzy kolory: Bialy) (1994),http://dbpedia.org/resource/Three_Colours:_White
328,Tales from the Crypt Presents: Demon Knight (1995),http://dbpedia.org/resource/Demon_Knight
363,"Wonderful, Horrible Life of Leni Riefenstahl, The (Macht der Bilder: Leni Riefenstahl, Die) (1993)",http://dbpedia.org/resource/The_Wonderful_Horrible_Life_of_Leni_Riefenstahl
370,Naked Gun 33 1/3: The Final Insult (1994),http://dbpedia.org/resource/Naked_Gun_33⅓:_The_Final_Insult
390,Faster Pussycat! Kill! Kill! (1965),"http://dbpedia.org/resource/Faster,_Pussycat!_Kill!_Kill!"
437,Cops and Robbersons (1994),http://dbpedia.org/resource/Cops_&_Robbersons
496,What Happened Was... (1994),http://dbpedia.org/resource/What_Happened_Was
549,Thirty-Two Short Films About Glenn Gould (1993),http://dbpedia.org/resource/Thirty_Two_Short_Films_About_Glenn_Gould
722,"Haunted World of Edward D. Wood Jr., The (1996)",
728,Cold Comfort Farm (1995),
791,"Last Klezmer: Leopold Kozlowski, His Life and Music, The (1994)",
842,Tales from the Crypt Presents: Bordello of Blood (1996),http://dbpedia.org/resource/Bordello_of_Blood
888,Land Before Time III: The Time of the Great Giving (1995),http://dbpedia.org/resource/The_Land_Before_Time_III:_The_Time_of_the_Great_Giving
1059,William Shakespeare's Romeo + Juliet (1996),http://dbpedia.org/resource/Romeo_+_Juliet
1151,Lesson Faust (1994),http://dbpedia.org/resource/Faust_(1994_film)
1173,"Cook the Thief His Wife & Her Lover, The (1989)",
1194,Cheech and Chong's Up in Smoke (1978),
1196,Star Wars: Episode V - The Empire Strikes Back (1980),http://dbpedia.org/resource/The_Empire_Strikes_Back
1202,Withnail & I (1987),
1221,"Godfather: Part II, The (1974)",http://dbpedia.org/resource/The_Godfather_Part_III
1243,Rosencrantz and Guildenstern Are Dead (1990),http://dbpedia.org/resource/Rosencrantz_%26_Guildenstern_Are_Dead_(film)
1312,Female Perversions (1996),
1322,Amityville 1992: It's About Time (1992),http://dbpedia.org/resource/Amityville:_It's_About_Time
1324,Amityville: Dollhouse (1996),http://dbpedia.org/resource/Amityville_Dollhouse
1739,3 Ninjas: High Noon On Mega Mountain (1998),http://dbpedia.org/resource/3_Ninjas:_High_Noon_at_Mega_Mountain
1771,Night Flier (1997),http://dbpedia.org/resource/The_Night_Flier_(film)
1793,Welcome to Woop-Woop (1997),http://dbpedia.org/resource/Welcome_to_Woop_Woop
1976,Friday the 13th Part 3: 3D (1982),http://dbpedia.org/resource/Friday_the_13th_Part_III
1977,Friday the 13th Part IV: The Final Chapter (1984),http://dbpedia.org/resource/Friday_the_13th:_The_Final_Chapter
1978,Friday the 13th Part V: A New Beginning (1985),http://dbpedia.org/resource/Friday_the_13th:_A_New_Beginning
2023,"Godfather: Part III, The (1990)",http://dbpedia.org/resource/The_Godfather_Part_III
2027,Jane Austen's Mafia! (1998),http://dbpedia.org/resource/Mafia!
2071,And the Band Played On (1993),http://dbpedia.org/resource/And_the_Band_Played_On_(film)
2155,"Slums of Beverly Hills, The (1998)",http://dbpedia.org/resource/Slums_of_Beverly_Hills
2163,Attack of the Killer Tomatoes! (1978),http://dbpedia.org/resource/Attack_of_the_Killer_Tomatoes
2165,Your Friends and Neighbors (1998),http://dbpedia.org/resource/Your_Friends_&_Neighbors
2294,Antz (1998),http://dbpedia.org/resource/Antz
2301,History of the World: Part I (1981),"http://dbpedia.org/resource/History_of_the_World,_Part_I"
2304,Love Is the Devil (1998),http://dbpedia.org/resource/Love_Is_the_Devil:_Study_for_a_Portrait_of_Francis_Bacon
2382,Police Academy 5: Assignment: Miami Beach (1988),http://dbpedia.org/resource/Police_Academy_5:_Assignment_Miami_Beach
2493,"Harmonists, The (1997)",http://dbpedia.org/resource/Comedian_Harmonists_(film)
2542,"Lock, Stock & Two Smoking Barrels (1998)","http://dbpedia.org/resource/Lock,_Stock_and_Two_Smoking_Barrels"
2567,EDtv (1999),http://dbpedia.org/resource/EDtv
2622,William Shakespeare's A Midsummer Night's Dream (1999),http://dbpedia.org/resource/A_Midsummer_Night%27s_Dream_(1999_film)
2628,Star Wars: Episode I - The Phantom Menace (1999),http://dbpedia.org/resource/Star_Wars:_Episode_I_–_The_Phantom_Menace
2670,Run Silent Run Deep (1958),"http://dbpedia.org/resource/Run_Silent,_Run_Deep_(film)"
2700,"South Park: Bigger, Longer and Uncut (1999)","http://dbpedia.org/resource/South_Park:_Bigger,_Longer_%26_Uncut"
2788,Monty Python's And Now for Something Completely Different (1971),http://dbpedia.org/resource/And_Now_for_Something_Completely_Different
2794,European Vacation (aka National Lampoon's European Vacation) (1985),http://dbpedia.org/resource/National_Lampoon's_European_Vacation
2818,Iron Eagle IV (1995),http://dbpedia.org/resource/Iron_Eagle_on_the_Attack
2837,Bedrooms & Hallways (1998),http://dbpedia.org/resource/Bedrooms_and_Hallways
3064,Poison Ivy: New Seduction (1997),http://dbpedia.org/resource/Poison_Ivy:_The_New_Seduction
3077,42 Up (1998),http://dbpedia.org/resource/Up_(film_series)
3112,'night Mother (1986),"http://dbpedia.org/resource/'night,_Mother_(film)"
3130,Bonfire of the Vanities (1990),http://dbpedia.org/resource/The_Bonfire_of_the_Vanities_(film)
3142,U2: Rattle and Hum (1988),http://dbpedia.org/resource/Rattle_and_Hum__U2:_Rattle_and_Hum__1
3182,"Mr. Death: The Rise and Fall of Fred A. Leuchter, Jr. (1999)","http://dbpedia.org/resource/Mr._Death:_The_Rise_and_Fall_of_Fred_A._Leuchter,_Jr."
3296,To Sir with Love (1967),
3303,Black Tar Heroin: The Dark End of the Street (2000),http://dbpedia.org/resource/Black_Tar_Heroin_(film)
3353,"Closer You Get, The (2000)",
3401,Baby... Secret of the Lost Legend (1985),
3429,Creature Comforts (1989),http://dbpedia.org/resource/Creature_Comforts
3434,Death Wish 5: The Face of Death (1994),http://dbpedia.org/resource/Death_Wish_V:_The_Face_of_Death
3571,Time Code (2000),http://dbpedia.org/resource/Timecode_(2000_film)
3626,8 ½ Women (a.k.a. 8 1/2 Women) (a.k.a. Eight and a Half Women) (1999),http://dbpedia.org/resource/8½_Women
3707,9 1/2 Weeks (Nine 1/2 Weeks) (1986),http://dbpedia.org/resource/9½_Weeks
3812,Everything You Always Wanted to Know About Sex * But Were Afraid to Ask (1972),http://dbpedia.org/resource/Everything_You_Always_Wanted_to_Know_About_Sex*_(*But_Were_Afraid_to_Ask)_(film)
3869,"Naked Gun 2 1/2: The Smell of Fear, The (1991)",http://dbpedia.org/resource/The_Naked_Gun_2½:_The_Smell_of_Fear
3930,"Creature from the Black Lagoon, The (1954)",
3962,Ghoulies II (1987),http://dbpedia.org/resource/Ghoulies_(film_series)
3972,"Legend of Drunken Master, The (Jui kuen II) (1994)",http://dbpedia.org/resource/Drunken_Master_II
4236,Keep the River on Your Right: A Modern Cannibal Tale (2000),
4317,Love Potion #9 (1992),http://dbpedia.org/resource/Love_Potion_No._9_(film)
4473,Bat*21 (1988),http://dbpedia.org/resource/Bat*21
4504,Feds (1988),http://dbpedia.org/resource/The_Feds_(miniseries)
4523,Milagro Beanfield War (1988),http://dbpedia.org/resource/The_Milagro_Beanfield_War
4850,Spriggan (Supurigan) (1998),
4886,"Monsters, Inc. (2001)","http://dbpedia.org/resource/Monsters,_Inc."
4961,Pornstar: The Legend of Ron Jeremy (2001),http://dbpedia.org/resource/Porn_Star:_The_Legend_of_Ron_Jeremy
5007,Topkapi (1964),http://dbpedia.org/resource/Topkapi_(film)
5095,"Scotland, Pa. (2001)",
5209,Ffolkes (1979),http://dbpedia.org/resource/North_Sea_Hijack
5214,"Oh, God! (1977)",
5248,Smokey and the Bandit III (1983),http://dbpedia.org/resource/Smokey_and_the_Bandit_Part_3
5325,Dogtown and Z-Boyz (2001),http://dbpedia.org/resource/Dogtown_and_Z-Boys
5378,Star Wars: Episode II - Attack of the Clones (2002),http://dbpedia.org/resource/Star_Wars:_Episode_II_–_Attack_of_the_Clones
5442,V. I. Warshawski (1991),http://dbpedia.org/resource/V.I._Warshawski_(film)
5448,Hey Arnold! The Movie (2002),http://dbpedia.org/resource/Hey_Arnold!:_The_Movie
5562,Snipes (2001),"http://dbpedia.org/resource/Snipes_(film)"
5672,Pokemon 4 Ever (a.k.a. Pokémon 4: The Movie) (2002),http://dbpedia.org/resource/Pokémon_4Ever
5678,Formula 51 (2001),http://dbpedia.org/resource/The_51st_State
5736,Faces of Death 3 (1985),
5772,My Dinner with André (1981),http://dbpedia.org/resource/My_Dinner_with_Andre
5818,"Crime of Father Amaro, The (Crimen del padre Amaro, El) (2002)",http://dbpedia.org/resource/The_Crime_of_Padre_Amaro_(2002_film)
6025,CB4 - The Movie (1993),http://dbpedia.org/resource/CB4
6042,Blind Spot: Hitler's Secretary (Im toten Winkel - Hitlers Sekretärin) (2002),http://dbpedia.org/resource/Im_toten_Winkel
6122,Richard Pryor Live on the Sunset Strip (1982),
6125,"Secret Policeman's Other Ball, The (1982)",
6195,Stone Reader (2002),
6223,Spun (2001),http://dbpedia.org/resource/Spun
6333,X2: X-Men United (2003),http://dbpedia.org/resource/X2_(film)
6433,"Man with the Movie Camera, The (Chelovek s kino-apparatom) (1929)",http://dbpedia.org/resource/Man_with_a_Movie_Camera
6493,Alex and Emma (2003),http://dbpedia.org/resource/Alex_&_Emma
6533,"What's Up, Doc? (1972)",
6563,Masked & Anonymous (2003),
6577,Kickboxer 2: The Road Back (1991),http://dbpedia.org/resource/Kickboxer_2
6588,And Now... Ladies and Gentlemen... (2002),http://dbpedia.org/resource/And_Now..._Ladies_and_Gentlemen
6628,Hot Dog... The Movie (1984),http://dbpedia.org/resource/Hot_Dog…The_Movie
6692,Stoked: The Rise and Fall of Gator (2002),
6776,Lagaan: Once Upon a Time in India (2001),http://dbpedia.org/resource/Lagaan
6817,"White Hunter, Black Heart (1990)",http://dbpedia.org/resource/White_Hunter_Black_Heart
6835,Alien Contamination (1980),http://dbpedia.org/resource/Contamination_(film)
6851,"Gas, Food, Lodging (1992)",http://dbpedia.org/resource/Gas_Food_Lodging
6874,Kill Bill: Vol. 1 (2003),http://dbpedia.org/resource/Kill_Bill:_Volume_1
6938,Billabong Odyssey (2003),
6945,My Architect: A Son's Journey (2003),http://dbpedia.org/resource/My_Architect
6962,OT: Our Town (2002),http://dbpedia.org/resource/OT:_Our_Town
7084,"Play It Again, Sam (1972)","http://dbpedia.org/resource/Play_It_Again,_Sam_(film)"
7156,"Fog of War: Eleven Lessons from the Life of Robert S. McNamara, The (2003)",http://dbpedia.org/resource/The_Fog_of_War
7264,An Amazing Couple (2002),http://dbpedia.org/resource/Un_couple_épatant
7396,Scenes From a Marriage (Scener ur ett äktenskap) (1973),
7438,Kill Bill: Vol. 2 (2004),http://dbpedia.org/resource/Kill_Bill:_Volume_2
7443,This So-Called Disaster (2003),
7566,28 Up (1985),http://dbpedia.org/resource/Up_(film_series)
7646,Rose Red (2002),
7753,Tuesdays with Morrie (1999),
7762,"Tinker, Tailor, Soldier, Spy (1979)",http://dbpedia.org/resource/Tinker_Tailor_Soldier_Spy_(miniseries)
7773,"Bang, Bang, You're Dead (2002)",http://dbpedia.org/resource/Bang_Bang_You're_Dead_(film)
7789,"11'09""01 - September 11 (2002)",
7811,Babylon 5: The River of Souls (1998),http://dbpedia.org/resource/Babylon_5:_The_River_of_Souls
7812,Babylon 5: Thirdspace (1998),http://dbpedia.org/resource/Babylon_5:_Thirdspace
7841,Children of Dune (2003),
7845,Tremors II: Aftershocks (1996),http://dbpedia.org/resource/Tremors_3:_Back_to_Perfection
7879,Notorious C.H.O. (2002),
8131,Pursuit of Happiness (2001),
8142,Dead or Alive: Hanzaisha (1999),http://dbpedia.org/resource/Dead_or_Alive_(film)
8157,Jin Roh: The Wolf Brigade (Jin-Rô) (1998),http://dbpedia.org/resource/Illang:_The_Wolf_Brigade
8169,*batteries not included (1987),
8370,"Blind Swordsman: Zatoichi, The (Zatôichi) (2003)",http://dbpedia.org/resource/Zatōichi_(2003_film)
8484,"Human Condition I, The (Ningen no joken I) (1959)",
8581,Pirates of Silicon Valley (1999),
8582,Manufacturing Consent: Noam Chomsky and the Media (1992),http://dbpedia.org/resource/Manufacturing_Consent_(film)
8685,"Miracle of Marcelino, The (Marcelino pan y vino) (1955)",http://dbpedia.org/resource/Miracle_of_Marcelino
8771,Sherlock Holmes: Terror by Night (1946),http://dbpedia.org/resource/Terror_by_Night
8774,Sherlock Holmes: The Woman in Green (1945),http://dbpedia.org/resource/The_Woman_in_Green
8778,Sherlock Holmes: Dressed to Kill (1946),http://dbpedia.org/resource/Dressed_to_Kill_(1946_film)
8807,Harold and Kumar Go to White Castle (2004),http://dbpedia.org/resource/Harold_&_Kumar_Go_to_White_Castle
8827,"Bill Cosby, Himself (1983)",http://dbpedia.org/resource/Bill_Cosby:_Himself
8894,Orca: The Killer Whale (1977),http://dbpedia.org/resource/Orca_(film)
8934,Bebe's Kids (1992),
8954,Lightning in a Bottle (2004),
8987,Bush's Brain (2004),
25769,"Steamboat Bill, Jr. (1928)",
25805,"Atalante, L' (1934)",
26002,Confidential Report (1955),http://dbpedia.org/resource/Mr._Arkadin
26048,"Human Condition II, The (Ningen no joken II) (1959)",
26073,"Human Condition III, The (Ningen no joken III) (1961)",
26095,"Carabineers, The (Carabiniers, Les) (1963)",http://dbpedia.org/resource/The_Carabineers
26133,"Charlie Brown Christmas, A (1965)",http://dbpedia.org/resource/A_Charlie_Brown_Christmas
26236,"White Sun of the Desert, The (Beloe solntse pustyni) (1970)",http://dbpedia.org/resource/White_Sun_of_the_Desert
26347,"Irony of Fate, or Enjoy Your Bath! (Ironiya sudby, ili S legkim parom!) (1975)",
26444,"Hitch Hikers Guide to the Galaxy, The (1981)",http://dbpedia.org/resource/The_Hitchhiker's_Guide_to_the_Galaxy_(TV_series)
26453,Smiley's People (1982),http://dbpedia.org/resource/Smiley's_People_(miniseries)
26471,Eddie Murphy Delirious (1983),http://dbpedia.org/resource/Eddie_Murphy_Raw
26510,"Ewok Adventure, The (a.k.a. Caravan of Courage: An Ewok Adventure) (1984)",
26542,Ewoks: The Battle for Endor (1985),
26564,'Round Midnight (1986),http://dbpedia.org/resource/Round_Midnight_(film)
26712,35 Up (1991),http://dbpedia.org/resource/Up_(film_series)
26729,Hearts of Darkness: A Filmmakers Apocalypse (1991),http://dbpedia.org/resource/Hearts_of_Darkness:_A_Filmmaker's_Apocalypse
26741,Mannequin 2: On the Move (1991),http://dbpedia.org/resource/Mannequin_Two:_On_the_Move
26761,Prime Suspect 2 (1992),http://dbpedia.org/resource/List_of_Prime_Suspect_(British_TV_series)_episodes
26797,Visions of Light: The Art of Cinematography (1992),http://dbpedia.org/resource/Visions_of_Light
26812,Barbarians at the Gate (1993),
26838,"Snapper, The (1993)",http://dbpedia.org/resource/The_Snapper_(film)
26854,"Darkman II: Return of Durant, The (1995)",http://dbpedia.org/resource/Darkman_II:_The_Return_of_Durant
26887,"Langoliers, The (1995)",http://dbpedia.org/resource/The_Langoliers_(miniseries)
26940,"Late Shift, The (1996)",
27006,RKO 281 (1999),http://dbpedia.org/resource/RKO_281
27074,Brave New World (1998),http://dbpedia.org/resource/Brave_New_World_(1998_film)
27155,"Batman/Superman Movie, The (1998)",
27246,If These Walls Could Talk 2 (2000),
27251,"10th Kingdom, The (2000)",http://dbpedia.org/resource/The_10th_Kingdom
27369,Daria: Is It Fall Yet? (2000),
27473,American Psycho II: All American Girl (2002),http://dbpedia.org/resource/American_Psycho_2
27480,Dead or Alive 2: Tôbôsha (2000),http://dbpedia.org/resource/Dead_or_Alive_2:_Birds
27692,And Starring Pancho Villa as Himself (2003),
27746,Ginger Snaps: Unleashed (2004),http://dbpedia.org/resource/Ginger_Snaps_2:_Unleashed
27751,'Salem's Lot (2004),http://dbpedia.org/resource/Salem's_Lot_(2004_miniseries)
27793,Starship Troopers 2: Hero of the Federation (2004),http://dbpedia.org/resource/Starship_Troopers_3:_Marauder
27802,Infernal Affairs 2 (Mou gaan dou II) (2003),http://dbpedia.org/resource/Infernal_Affairs
27830,"Bobby Jones, Stroke of Genius (2004)",
27879,DiG! (2004),
27912,Outfoxed: Rupert Murdoch's War on Journalism (2004),http://dbpedia.org/resource/Outfoxed
30745,Gozu (Gokudô kyôfu dai-gekijô: Gozu) (2003),http://dbpedia.org/resource/Gozu
31162,"Life and Death of Peter Sellers, The (2004)",http://dbpedia.org/resource/The_Life_and_Death_of_Peter_Sellers
32009,Tyler Perry's Diary of a Mad Black Woman (2005),
32743,Ringu 0: Bâsudei (2000),http://dbpedia.org/resource/Ring_0:_Birthday
33493,Star Wars: Episode III - Revenge of the Sith (2005),http://dbpedia.org/resource/Star_Wars:_Episode_III_–_Revenge_of_the_Sith
33681,"Adventures of Sharkboy and Lavagirl 3-D, The (2005)",http://dbpedia.org/resource/The_Adventures_of_Sharkboy_and_Lavagirl_in_3-D
33779,Eddie Izzard: Dress to Kill (1999),http://dbpedia.org/resource/Dress_to_Kill
33966,Cop and ½ (1993),
34450,Miracles - Mr. Canton and Lady Rose (1989),http://dbpedia.org/resource/Miracles_(1989_film)
34811,Pusher II: With Blood on My Hands (2004),http://dbpedia.org/resource/Pusher_II
36289,Asterix & Obelix vs. Caesar (Astérix et Obélix contre César) (1999),http://dbpedia.org/resource/Asterix_and_Obelix_vs._Caesar
38038,Wallace & Gromit in The Curse of the Were-Rabbit (2005),http://dbpedia.org/resource/Wallace_&_Gromit:_The_Curse_of_the_Were-Rabbit
38304,No Direction Home: Bob Dylan (2005),http://dbpedia.org/resource/No_Direction_Home
40597,One-Way Ticket to Mombasa (Menolippu Mombasaan) (2002),http://dbpedia.org/resource/One-Way_Ticket_to_Mombasa
43677,"Tuskegee Airmen, The (1995)",http://dbpedia.org/resource/The_Tuskegee_Airmen
44020,Ultimate Avengers (2006),
44022,Ice Age 2: The Meltdown (2006),http://dbpedia.org/resource/Ice_Age:_The_Meltdown
44889,Reefer Madness: The Movie Musical (2005),http://dbpedia.org/resource/Reefer_Madness:_The_Movie_Musical
48649,Chapayev (1934),http://dbpedia.org/resource/Chapaev_(film)
49132,Shut Up & Sing (2006),http://dbpedia.org/resource/Dixie_Chicks:_Shut_Up_and_Sing
49666,Fur: An Imaginary Portrait of Diane Arbus (2006),http://dbpedia.org/resource/Fur_(film)
49917,When the Levees Broke: A Requiem in Four Acts (2006),http://dbpedia.org/resource/When_the_Levees_Broke
50189,American Pie Presents The Naked Mile (American Pie 5: The Naked Mile) (2006),http://dbpedia.org/resource/American_Pie_Presents:_The_Naked_Mile
50356,The Little World of Don Camillo (1952),
50658,49 Up (2005),http://dbpedia.org/resource/Up_(film_series)
50740,Seven Up! (1964),http://dbpedia.org/resource/Up_(film_series)
51082,Tyler Perry's Daddy's Little Girls (2007),
51357,Citizen X (1995),http://dbpedia.org/resource/Citizen_X
51545,Pusher III: I'm the Angel of Death (2005),http://dbpedia.org/resource/Pusher_3
51937,"Hills Have Eyes II, The (2007)",http://dbpedia.org/resource/The_Hills_Have_Eyes_2
52435,How the Grinch Stole Christmas! (1966),http://dbpedia.org/resource/The_Grinch_(film)
52715,Kickin It Old Skool (2007),
52730,It's a Very Merry Muppet Christmas Movie (2002),
52767,21 Up (1977),http://dbpedia.org/resource/Up_(film_series)
53450,"Legend of Sleepy Hollow, The (1980)",http://dbpedia.org/resource/The_Legend_of_Sleepy_Hollow_(1980_film)
53883,"Power of Nightmares, The: The Rise of the Politics of Fear (2004)",http://dbpedia.org/resource/The_Power_of_Nightmares
55167,Tekkonkinkreet (Tekkon kinkurîto) (2006),http://dbpedia.org/resource/Tekkonkinkreet
55259,"Seeker: The Dark Is Rising, The (2007)",http://dbpedia.org/resource/The_Seeker_(film)
56022,Harrison Bergeron (1995),http://dbpedia.org/resource/Harrison_Bergeron_(film)
56379,"Maxed Out: Hard Times, Easy Credit and the Era of Predatory Lenders (2006)",http://dbpedia.org/resource/Maxed_Out
56801,AVPR: Aliens vs. Predator - Requiem (2007),http://dbpedia.org/resource/Aliens_vs._Predator:_Requiem
56921,Battlestar Galactica: Razor (2007),http://dbpedia.org/resource/Battlestar_Galactica:_Razor
58376,Zeitgeist: The Movie (2007),http://dbpedia.org/resource/Zeitgeist_(film_series)
59429,American Pie Presents Beta House (American Pie 6: Beta House) (2007),http://dbpedia.org/resource/American_Pie_Presents:_Beta_House
59810,Recount (2008),
60363,Zombie Strippers! (2008),http://dbpedia.org/resource/Zombie_Strippers
60365,Frosty the Snowman (1969),http://dbpedia.org/resource/The_Legend_of_Frosty_the_Snowman
60487,"It's the Great Pumpkin, Charlie Brown (1966)","http://dbpedia.org/resource/It's_the_Great_Pumpkin,_Charlie_Brown"
60803,"Little Drummer Boy, The (1968)",
60818,Hogfather (Terry Pratchett's Hogfather) (2006),http://dbpedia.org/resource/Terry_Pratchett's_Hogfather
61406,John Adams (2008),http://dbpedia.org/resource/John_Adams_(miniseries)
61818,"Crow, The: Wicked Prayer (2005)",http://dbpedia.org/resource/The_Crow:_Wicked_Prayer
62336,FLCL (2000),http://dbpedia.org/resource/FLCL
62834,Babylon 5: The Legend of the Rangers: To Live and Die in Starlight (2002),http://dbpedia.org/resource/Babylon_5:_The_Legend_of_the_Rangers
62836,Babylon 5: The Lost Tales - Voices in the Dark (2007),http://dbpedia.org/resource/Babylon_5:_The_Lost_Tales
63433,Farscape: The Peacekeeper Wars (2004),http://dbpedia.org/resource/Farscape:_The_Peacekeeper_Wars
64167,Dinotopia (2002),http://dbpedia.org/resource/Dinotopia_(miniseries)
64285,Wallace and Gromit in 'A Matter of Loaf and Death' (2008),
64499,Che: Part One (2008),http://dbpedia.org/resource/Che_(2008_film)
64501,Che: Part Two (2008),http://dbpedia.org/resource/Che_(2008_film)
65133,Blackadder Back & Forth (1999),http://dbpedia.org/resource/Blackadder:_Back_&_Forth
65225,Zeitgeist: Addendum (2008),http://dbpedia.org/resource/Zeitgeist_(film_series)
65359,Earthsea (Legend of Earthsea) (2004),http://dbpedia.org/resource/Tales_from_Earthsea_(film)
65588,"Gamers, The: Dorkness Rising (2008)",http://dbpedia.org/resource/The_Gamers_(film)
65601,My Bloody Valentine 3-D (2009),http://dbpedia.org/resource/My_Bloody_Valentine_3D
65738,Revenge of the Nerds III: The Next Generation (1992),http://dbpedia.org/resource/Revenge_of_the_Nerds_III:_The_Next_Generation
65740,Revenge of the Nerds IV: Nerds in Love (1994),http://dbpedia.org/resource/Revenge_of_the_Nerds_IV:_Nerds_in_Love
66335,Afro Samurai: Resurrection (2009),http://dbpedia.org/resource/Afro_Samurai:_Resurrection
66934,Dr. Horrible's Sing-Along Blog (2008),
67087,"I Love You, Man (2009)","http://dbpedia.org/resource/I_Love_You,_Man"
67295,Kung Fu Panda: Secrets of the Furious Five (2008),http://dbpedia.org/resource/Secrets_of_the_Furious_Five
68486,Red Cliff Part II (Chi Bi Xia: Jue Zhan Tian Xia) (2009),
69685,Daria: Is It College Yet? (2002),
69746,Watchmen: Tales of the Black Freighter (2009),http://dbpedia.org/resource/Watchmen_(film)
69805,"Librarian, The: The Curse of the Judas Chalice (2008)",http://dbpedia.org/resource/The_Librarian:_Curse_of_the_Judas_Chalice
70521,Lost in Austen (2008),http://dbpedia.org/resource/Lost_in_Austen
71268,Tyler Perry's I Can Do Bad All by Myself (2009),
71282,"Food, Inc. (2008)","http://dbpedia.org/resource/Food,_Inc."
71640,Burma VJ: Reporting from a Closed Country (Burma VJ: Reporter i et lukket land) (2008),http://dbpedia.org/resource/Burma_VJ
72601,Teenage Mutant Ninja Turtles: Turtles Forever (2009),http://dbpedia.org/resource/Turtles_Forever
72641,"Blind Side, The  (2009)",
73499,MacGyver: Lost Treasure of Atlantis (1994),
73501,Pekka ja Pätkä Suezilla (1958),
73569,Project A 2 ('A' gai wak juk jap) (1987),
74324,Temple Grandin (2010),http://dbpedia.org/resource/Temple_Grandin_(film)
74342,"Captain Newman, M.D. (1963)",
74750,[REC]² (2009),http://dbpedia.org/resource/Rec_2
75416,Generation X (1996),http://dbpedia.org/resource/Generation_X_(film)
76301,"Emperor's New Groove 2: Kronk's New Groove, The (2005)",http://dbpedia.org/resource/Kronk's_New_Groove
77177,Wild China (2008),http://dbpedia.org/resource/Wild_China
78160,Ricky Gervais Live: Animals (2003),http://dbpedia.org/resource/Animals_(2003_film)
78544,Ricky Gervais Live 3: Fame (2007),http://dbpedia.org/resource/Fame_(2007_film)
79006,Empire of Dreams: The Story of the 'Star Wars' Trilogy (2004),http://dbpedia.org/resource/Empire_of_Dreams:_The_Story_of_the_Star_Wars_Trilogy
79008,South Park: Imaginationland (2008),http://dbpedia.org/resource/You_Got_Served
79299,"No. 1 Ladies' Detective Agency, The (2008)",
79333,Watch Out for the Automobile (Beregis avtomobilya) (1966),
79677,"Two Escobars, The (2010)",
80139,Jackass 2.5 (2007),http://dbpedia.org/resource/Jackass_3D
81191,Waiting for 'Superman' (2010),
81535,Saw VII 3D - The Final Chapter (2010),http://dbpedia.org/resource/Saw_3D
81834,Harry Potter and the Deathly Hallows: Part 1 (2010),http://dbpedia.org/resource/Harry_Potter_and_the_Deathly_Hallows_–_Part_1
82167,Love and Other Drugs (2010),
82641,"One-Armed Swordsman, The (Dubei dao) (1967)",http://dbpedia.org/resource/The_New_One-Armed_Swordsman
84273,Zeitgeist: Moving Forward (2011),http://dbpedia.org/resource/Zeitgeist_(film_series)
84553,Pekka ja Pätkä salapoliiseina (1957),http://dbpedia.org/resource/Pekka_and_Pätkä
85213,"Sunset Limited, The (2011)",
85295,Scooby-Doo! Curse of the Lake Monster (2010),http://dbpedia.org/resource/Scooby-Doo!_Curse_of_the_Lake_Monster
85354,Mesrine: Public Enemy #1 (L'ennemi public n°1) (2008),http://dbpedia.org/resource/Mesrine_(2008_film)
85780,Family Guy Presents: It's a Trap (2010),http://dbpedia.org/resource/It%27s_a_Trap!
86068,Films to Keep You Awake: The Christmas Tale (Películas para no dormir: Cuento de navidad) (2005),
86345,Louis C.K.: Hilarious (2010),http://dbpedia.org/resource/Hilarious_(film)
86347,Louis C.K.: Chewed Up (2008),http://dbpedia.org/resource/Chewed_Up
86355,Atlas Shrugged: Part 1 (2011),http://dbpedia.org/resource/Atlas_Shrugged:_Part_I
86377,Louis C.K.: Shameless (2007),http://dbpedia.org/resource/Shameless_(Louis_C.K._special)
86504,Voices from the List (2004),
86668,Louis Theroux: Law & Disorder (2008),http://dbpedia.org/resource/Law_and_Disorder_in_Johannesburg
88125,Harry Potter and the Deathly Hallows: Part 2 (2011),http://dbpedia.org/resource/Harry_Potter_and_the_Deathly_Hallows_–_Part_2
88697,SUBWAYStories: Tales from the Underground (1997),http://dbpedia.org/resource/Subway_Stories
89586,Phineas and Ferb the Movie: Across the 2nd Dimension (2011),http://dbpedia.org/resource/Phineas_and_Ferb_the_Movie:_Across_the_2nd_Dimension
89678,Northanger Abbey (2007),http://dbpedia.org/resource/Northanger_Abbey_(2007_film)
90245,Antonio Gaudí (1985),http://dbpedia.org/resource/Antonio_Gaudi_(film)
91630,Mission: Impossible - Ghost Protocol (2011),http://dbpedia.org/resource/Mission:_Impossible_–_Ghost_Protocol
91860,"Way South, The (De weg naar het zuiden) (1981)",
92094,Einstein and Eddington (2008),
92427,Woman in Love (Rubbeldiekatz) (2011),
92475,All Watched Over by Machines of Loving Grace (2011),
92494,Dylan Moran: Monster (2004),
92535,Louis C.K.: Live at the Beacon Theater (2011),http://dbpedia.org/resource/Live_at_the_Beacon_Theater
92730,Rollo and the Woods Sprite (Rölli ja metsänhenki) (2001),http://dbpedia.org/resource/Rollo_and_the_Spirit_of_the_Woods
92760,"Atomic Brain, The (1963)",http://dbpedia.org/resource/Monstrosity_(film)
92954,Prayers for Bobby (2009),
93006,"Very Potter Musical, A (2009)",
93008,"Very Potter Sequel, A (2010)",
93040,"Civil War, The (1990)",http://dbpedia.org/resource/The_Civil_War_(miniseries)
93208,Mickey's The Prince and the Pauper (1990),
93838,The Raid: Redemption (2011),http://dbpedia.org/resource/The_Raid_(2011_film)
93988,North & South (2004),http://dbpedia.org/resource/North_&_South_(TV_serial)
94735,Walking with Monsters (2005),
95004,Superman/Doomsday (2007) ,
95145,Dragon Ball: The Curse Of The Blood Rubies (Doragon bôru: Shenron no densetsu) (1986),http://dbpedia.org/resource/Dragon_Ball:_Curse_of_the_Blood_Rubies
95165,Dragon Ball Z the Movie: The World's Strongest (a.k.a. Dragon Ball Z: The Strongest Guy in The World) (Doragon bôru Z: Kono yo de ichiban tsuyoi yatsu) (1990),http://dbpedia.org/resource/Dragon_Ball_Z:_The_World's_Strongest
95182,Dragon Ball Z the Movie: The Tree of Might (Doragon bôru Z 3: Chikyû marugoto chô kessen) (1990),http://dbpedia.org/resource/Dragon_Ball_Z:_The_Tree_of_Might
95543,Ice Age 4: Continental Drift (2012),http://dbpedia.org/resource/Ice_Age:_Continental_Drift
95633,Spirit Camp (2009),
95738,"Adventures of Mary-Kate and Ashley, The: The Case of the Christmas Caper (1995)",
95771,Dragon Ball Z: Broly Second Coming (Doragon bôru Z 10: Kiken na futari! Sûpâ senshi wa nemurenai) (1994),http://dbpedia.org/resource/Dragon_Ball_Z:_Broly_–_Second_Coming
95796,Anaconda: The Offspring (2008),"http://dbpedia.org/resource/Anaconda_3:_Offspring"
95965,Dragon Ball Z: Bardock - The Father of Goku (Doragon bôru Z: Tatta hitori no saishuu kessen - Furiiza ni itonda Z senshi Kakarotto no chichi) (1990),
96004,Dragon Ball Z: The History of Trunks (Doragon bôru Z: Zetsubô e no hankô!! Nokosareta chô senshi - Gohan to Torankusu) (1993),http://dbpedia.org/resource/Dragon_Ball_Z:_The_History_of_Trunks
96007,Dragon Ball GT: A Hero's Legacy (Doragon bôru GT: Gokû gaiden! Yûki no akashi wa sû-shin-chû) (1997),http://dbpedia.org/resource/Dragon_Ball_GT:_A_Hero's_Legacy
96411,6 Days to Air: The Making of South Park (2011),
96471,Prime Suspect 3 (1993),http://dbpedia.org/resource/Prime_Suspect
96518,Prime Suspect 6: The Last Witness (2003),http://dbpedia.org/resource/Prime_Suspect
96520,Prime Suspect: The Lost Child (1995),http://dbpedia.org/resource/Prime_Suspect
97194,"Thing: Terror Takes Shape, The (1998)",
97643,[REC]³ 3 Génesis (2012),
97665,Asterix & Obelix: God Save Britannia (Astérix et Obélix: Au service de Sa Majesté) (2012),http://dbpedia.org/resource/Asterix_and_Obelix:_God_Save_Britannia
97757,'Hellboy': The Seeds of Creation (2004),
98083,Jackass 3.5 (2011),http://dbpedia.org/resource/Jackass_3D
98124,"Batman: The Dark Knight Returns, Part 1 (2012)",http://dbpedia.org/resource/Batman:_The_Dark_Knight_Returns_(film)
99813,"Batman: The Dark Knight Returns, Part 2 (2013)",http://dbpedia.org/resource/Batman:_The_Dark_Knight_Returns_(film)
99846,Everything or Nothing: The Untold Story of 007 (2012),
100044,Human Planet (2011),
100194,Jim Jefferies: Fully Functional (EPIX) (2012),
100553,Frozen Planet (2011),http://dbpedia.org/resource/Frozen_Planet
101074,"Legend of Sleepy Hollow, The (1949)",http://dbpedia.org/resource/The_Adventures_of_Ichabod_and_Mr._Toad
101423,Mezzo Forte (1998),
101531,Phil Spector (2013),http://dbpedia.org/resource/Phil_Spector_(film)
102007,"Invincible Iron Man, The (2007)",
102025,Yongary: Monster from the Deep (1967),http://dbpedia.org/resource/Yonggary_(character)
102058,Hulk Vs. (2009),
102217,Bill Hicks: Revelations (1993),
102749,Captain America II: Death Too Soon (1979),
102852,With Great Power: The Stan Lee Story (2012),
102984,Inhuman Resources (Redd Inc.) (2012),
103171,Schlussmacher (2013),
103233,LEGO Batman: The Movie - DC Heroes Unite (2013),http://dbpedia.org/resource/Lego_Batman:_The_Movie_–_DC_Super_Heroes_Unite
103602,Craig Ferguson: I'm Here To Help (2013),http://dbpedia.org/resource/I%27m_Here_to_Help
104069,Louis C.K.: Oh My God (2013),http://dbpedia.org/resource/Oh_My_God_(2013_film)
104337,Lee Daniels' The Butler (2013),http://dbpedia.org/resource/The_Butler
104644,Maria Bamford: The Special Special Special! (2012),
104875,"History of Future Folk, The (2012)",
105250,"Century of the Self, The (2002)",http://dbpedia.org/resource/The_Century_of_the_Self
105254,Crystal Fairy & the Magical Cactus and 2012 (2013),http://dbpedia.org/resource/Crystal_Fairy_&_the_Magical_Cactus
106594,Red Flag (2012),http://dbpedia.org/resource/Fighter_Pilot:_Operation_Red_Flag
106642,"Day of the Doctor, The (2013)",
107338,Dampfnudelblues (2013),
107408,Only Old Men Are Going to Battle (V boy idut odni stariki) (1973),
107410,Guest from the Future (Gostya iz buduschego) (1985),http://dbpedia.org/resource/Guest_from_the_Future
107449,"Muppet Christmas: Letters to Santa, A (2008)",http://dbpedia.org/resource/A_Muppets_Christmas:_Letters_to_Santa
107846,MacGyver: Trail to Doomsday (1994),
107999,Dragon ball Z 04: Lord Slug (1991),http://dbpedia.org/resource/Dragon_Ball_Z:_Lord_Slug
108727,Nymphomaniac: Volume I (2013),http://dbpedia.org/resource/Nymphomaniac_(film)
108981,Nymphomaniac: Volume II (2013),http://dbpedia.org/resource/Nymphomaniac_(film)
110541,"Brain Smasher... A Love Story (Bouncer and the Lady, The) (1993)",http://dbpedia.org/resource/Brainsmasher..._A_Love_Story
111146,Alpha and Omega 3: The Great Wolf Games (2014),
111320,Mom's Night Out (2014),
111785,Midnight Chronicles (2009),
112183,Birdman: Or (The Unexpected Virtue of Ignorance) (2014),http://dbpedia.org/resource/Birdman_(film)
114554,"Tale of Princess Kaguya, The (Kaguyahime no monogatari) (2013)",http://dbpedia.org/resource/The_Tale_of_the_Princess_Kaguya_(film)
115111,Ward 13 (2003),
115877,"Simpsons: The Longest Daycare, The (2012)",http://dbpedia.org/resource/The_Longest_Daycare
115969,Generation War (2013),
116505,New Kids Nitro (2011),http://dbpedia.org/resource/New_Kids_Turbo
116718,Volga - Volga (1938),http://dbpedia.org/resource/Volga-Volga
117192,Doctor Who: The Time of the Doctor (2013),http://dbpedia.org/resource/The_Time_of_the_Doctor
117511,Hello Ladies: The Movie (2014),
117646,Dragonheart 2: A New Beginning (2000),http://dbpedia.org/resource/Dragonheart:_A_New_Beginning
117895,Maze Runner: Scorch Trials (2015),http://dbpedia.org/resource/Maze_Runner:_The_Scorch_Trials
117922,Ice Age: A Mammoth Christmas (2011),http://dbpedia.org/resource/Ice_Age:_A_Mammoth_Christmas
118530,Fans (1999),
118888,Dave Chappelle: For What it's Worth (2004),
118930,Bill Burr: I'm Sorry You Feel That Way (2014),http://dbpedia.org/resource/I'm_Sorry_You_Feel_That_Way
119153,Bill Burr: You People Are All the Same (2012),http://dbpedia.org/resource/You_People_Are_All_the_Same
119828,A Man Called Blade (1977),http://dbpedia.org/resource/Mannaja
120130,Into the Forest of Fireflies' Light (2011),
120807,John Mulaney: New In Town (2012),http://dbpedia.org/resource/John_Mulaney_&_the_Sack_Lunch_Bunch
120813,Patton Oswalt: My Weakness Is Strong (2009),
121097,To Grandmother's House We Go (1992),
121372,Bill Burr: Let It Go (2010),
121374,Bill Burr: Why Do I Do This? (2008),
121715,Sebastian Maniscalco: What's Wrong with People? (2012),
122912,Avengers: Infinity War - Part I (2018),http://dbpedia.org/resource/Avengers:_Infinity_War
122918,Guardians of the Galaxy 2 (2017),http://dbpedia.org/resource/Guardians_of_the_Galaxy_Vol._2
122926,Untitled Spider-Man Reboot (2017),http://dbpedia.org/resource/Untitled_Spider-Man:_Into_the_Spider-Verse_sequel
123200,Jim Jefferies: I Swear to God (2009),
123310,Tornado! (1996),
123553,In the Name of the King III (2014),
126088,A Flintstones Christmas Carol (1994),
126142,The Cave of the Golden Rose (1991),http://dbpedia.org/resource/Fantaghirò_4
126426,Solyaris (1968),http://dbpedia.org/resource/Solaris_(2002_film)
127052,Operation 'Y' & Other Shurik's Adventures (1965),
127098,Louis C.K.: Live at The Comedy Store (2015),
127172,A Story of Children and Film (2013),
127180,"Story of Film: An Odyssey, The (2011)",http://dbpedia.org/resource/The_Story_of_Film:_An_Odyssey
127390,Family Guy Presents: Blue Harvest (2007),http://dbpedia.org/resource/Blue_Harvest
128087,Trinity and Sartana Are Coming (1972),
128097,Jim Norton: American Degenerate (2013),
128099,Jim Jefferies: BARE (2014),
128852,Chris Rock: Bigger & Blacker (1999),
128900,The Natural Love (1996),http://dbpedia.org/resource/O_Amor_Natural
128902,The Forgotten Space (2010),
128914,Tom Segura: Completely Normal (2014),
128991,Johnny Express (2014),
129011,Eddie Izzard: Glorious (1997),
129229,Northmen - A Viking Saga (2014),http://dbpedia.org/resource/Northmen:_A_Viking_Saga
129397,Marvel One-Shot: Item 47 (2012),http://dbpedia.org/resource/Marvel_One-Shots
129514,George Carlin: It's Bad for Ya! (2008),http://dbpedia.org/resource/It's_Bad_for_Ya
129659,"McFarland, USA (2015)",
129779,Ghost in the Shell Arise - Border 1: Ghost Pain (2013),
130518,The Amazing Screw-On Head (2006),http://dbpedia.org/resource/The_Amazing_Screw-On_Head
130970,George Carlin: Life Is Worth Losing (2005),
131724,The Jinx: The Life and Deaths of Robert Durst (2015),http://dbpedia.org/resource/The_Jinx_(miniseries)
131749,Libre et assoupi (2014),
131934,The Malibu Bikini Shop (1986),
132333,Seve (2014),
132888,Comedy Central Roast of James Franco (2013),
133115,We Could Be King (2014),
133217,B/W (2015),
133879,Carry On Don't Lose Your Head (1966),
134184,Elections Day (2007),
134252,That Munchhausen (1979),http://dbpedia.org/resource/The_Very_Same_Munchhausen
134326,The Taming of the Scoundrel (1980),http://dbpedia.org/resource/Il_Bisbetico_Domato
134861,Trevor Noah: African American (2013),
135216,The Star Wars Holiday Special (1978),http://dbpedia.org/resource/Star_Wars_Holiday_Special
135456,Ghost in the Shell: Stand Alone Complex - The Laughing Man (2005),http://dbpedia.org/resource/Ghost_in_the_Shell:_Stand_Alone_Complex
135803,Five Element Ninjas (1982),
135815,The Magnificent Ruffians (1979),http://dbpedia.org/resource/Magnificent_Ruffians
136024,The Professional: Golgo 13 (1983),http://dbpedia.org/resource/The_Professional_Guest
136297,Mortal Kombat: The Journey Begins (1995),http://dbpedia.org/resource/Mortal_Kombat_(1995_film)
136359,Scooby-Doo Goes Hollywood (1979),http://dbpedia.org/resource/Scooby_Goes_Hollywood
136443,Gabriel Iglesias: Hot and Fluffy (2007),
136445,George Carlin: Back in Town (1996),
136447,George Carlin: You Are All Diseased (1999),
136449,Ghost in the Shell 2.0 (2008),
136469,Larry David: Curb Your Enthusiasm (1999),
136511,Jeff Dunham: All Over the Map (2014),http://dbpedia.org/resource/Jeff_Dunham:_All_Over_the_Map
136834,The Eye: Infinity (2005),http://dbpedia.org/resource/The_Eye_10
136838,Kiss me Kismet (2006),
136840,Da geht noch was! (2013),
137218,April Morning (1988),
137859,Dragon Ball Z Gaiden: The Plot to Destroy the Saiyans (1993),http://dbpedia.org/resource/Dragon_Ball_Z_Side_Story:_Plan_to_Eradicate_the_Saiyans
137863,Dragon Ball Z: Resurrection of F (2015),http://dbpedia.org/resource/Dragon_Ball_Z:_Resurrection_%27F%27
138204,7 Days in Hell (2015),
139130,Afro Samurai (2007),
139157,Massu Engira Maasilamani (2015),http://dbpedia.org/resource/Massu_Engira_Masilamani
139859,Ghost in the Shell Arise - Border 2: Ghost Whispers (2013),
139915,How to Make Love Like an Englishman (2014),http://dbpedia.org/resource/Some_Kind_of_Beautiful
140265,George Carlin: Jammin' in New York (1992),
140359,Doctor Who: The Waters of Mars (2009),http://dbpedia.org/resource/The_Waters_of_Mars
140481,"Family Guy Presents: Something, Something, Something, Dark Side (2009)","http://dbpedia.org/resource/Something,_Something,_Something,_Dark_Side"
140541,The Electric Hotel (1908),http://dbpedia.org/resource/Hôtel_électrique
140561,Jeff Ross Roasts Criminals: Live at Brazos County Jail (2015),
140737,The Lost Room (2006),
141646,The Unauthorized Saved by the Bell Story (2014),
141816,12 Chairs (1976),
141818,Ordinary Miracle (1978),http://dbpedia.org/resource/An_Ordinary_Miracle_(1978_film)
141820,Old Men: Robbers (1971),
141844,12 Chairs (1971),
142056,Iron Man & Hulk: Heroes United (2013),http://dbpedia.org/resource/Heroes_United
142115,The Blue Planet (2001),http://dbpedia.org/resource/The_Blue_Planet
142366,Cigarette Burns (2005),
142420,High Rise (2015),http://dbpedia.org/resource/High-Rise_(film)
142536,Burnt (2015),http://dbpedia.org/resource/The_Burnt_Theatre
142550,Ryuzo and the Seven Henchmen (2015),http://dbpedia.org/resource/Ryuzo_and_the_Seven_Henchmen
142558,If I Were a Rich Man (2002),http://dbpedia.org/resource/If_I_Were_a_Rich_Man_(film)
142598,Last Shift (2014),http://dbpedia.org/resource/Last_Shift
142602,"F*ck You, Goethe 2 (2015)",
143031,Jump In! (2007),
144210,Just Eat It: A Food Waste Story (2014),
144478,"Sex, Drugs & Taxation (2013)",
145080,Extraordinary Tales (2015),
145283,Nowitzki: The Perfect Shot (2014),http://dbpedia.org/resource/Nowitzki._The_Perfect_Shot
145951,Bloodsport: The Dark Kumite (1999),http://dbpedia.org/resource/Bloodsport_4:_The_Dark_Kumite
146024,A Man from Boulevard des Capucines (1987),
146028,The Adventures of Sherlock Holmes and Dr. Watson: The Hound of the Baskervilles (1981),http://dbpedia.org/resource/Sherlock_Holmes_and_Dr._Watson
146684,Cosmic Scrat-tastrophe (2015),http://dbpedia.org/resource/Cosmic_Scrat-tastrophe
147250,The Adventures of Sherlock Holmes and Doctor Watson,http://dbpedia.org/resource/Sherlock_Holmes_and_Dr._Watson
147286,The Adventures of Sherlock Holmes and Doctor Watson: The Treasures of Agra (1983),http://dbpedia.org/resource/The_Treasures_of_Agra
147300,Adventures Of Sherlock Holmes And Dr. Watson: The Twentieth Century Approaches (1986),http://dbpedia.org/resource/The_Twentieth_Century_Approaches
147326,The Adventures of Sherlock Holmes and Doctor Watson: King of Blackmailers (1980),http://dbpedia.org/resource/Sherlock_Holmes_and_Dr._Watson
147328,The Adventures of Sherlock Holmes and Dr. Watson: Bloody Signature (1979),http://dbpedia.org/resource/Sherlock_Holmes_and_Dr._Watson
147330,Sherlock Holmes and Dr. Watson: Acquaintance (1979),http://dbpedia.org/resource/Sherlock_Holmes_and_Dr._Watson
147372,Doctor Who: Last Christmas (2014),http://dbpedia.org/resource/Last_Christmas_(Doctor_Who)
147374,"Doctor Who: The Doctor, the Widow and the Wardrobe (2011)","http://dbpedia.org/resource/The_Doctor,_the_Widow_and_the_Wardrobe"
147376,Doctor Who: A Christmas Carol (2010),http://dbpedia.org/resource/A_Christmas_Carol_(Doctor_Who)
147378,Doctor Who: Planet of the Dead (2009),http://dbpedia.org/resource/Planet_of_the_Dead
147380,Doctor Who: The Next Doctor (2008),http://dbpedia.org/resource/The_Next_Doctor
147382,Doctor Who: Voyage Of The Damned (2007),http://dbpedia.org/resource/Voyage_of_the_Damned_(Doctor_Who)
147384,Doctor Who: The Runaway Bride (2007),http://dbpedia.org/resource/The_Runaway_Bride_(Doctor_Who)
147657,Masked Avengers (1981),
148238,A Very Murray Christmas (2015),
148667,John Mulaney: The Comeback Kid (2015),http://dbpedia.org/resource/John_Mulaney_&_the_Sack_Lunch_Bunch
148675,North Pole: Open For Christmas (2015),http://dbpedia.org/resource/Northpole_(film)
148978,Blue Exorcist: The Movie (2012),http://dbpedia.org/resource/The_Saga_of_Tanya_the_Evil:_The_Movie
148982,Devil Dog: The Hound of Hell (1978),http://dbpedia.org/resource/Devil_Dog:_The_Hound_of_Hell
149380,'Tis the Season for Love (2015),
149566,Unicorn City (2012),
150548,Sherlock: The Abominable Bride (2016),http://dbpedia.org/resource/The_Abominable_Bride
150596,Doctor Who: The Husbands of River Song (2015),http://dbpedia.org/resource/The_Husbands_of_River_Song
150993,Anacleto: Agente secreto (2015),http://dbpedia.org/resource/Spy_Time
151479,The Flash 2 - Revenge of the Trickster (1991),http://dbpedia.org/resource/The_Flash_(1990_TV_series)
151759,Requiem for the American Dream (2015),
151763,Death Note Rewrite: Genshisuru Kami (2007),
151781,Ghost in the Shell: Solid State Society (2006),http://dbpedia.org/resource/Ghost_in_the_Shell:_Stand_Alone_Complex_-_Solid_State_Society
152037,Grease Live (2016),
152091,The Brothers Grimsby (2016),http://dbpedia.org/resource/Grimsby_(film)
152711,Who Killed Chea Vichea? (2010),
154358,The Barkley Marathons: The Race That Eats Its Young (2015),
155168,Fraktus (2012),
155589,Noin 7 veljestä (1968),http://dbpedia.org/resource/Noin_seitsemän_veljestä
156025,Ice Age: The Great Egg-Scapade (2016),http://dbpedia.org/resource/Ice_Age:_The_Great_Egg-Scapade
156607,The Huntsman Winter's War (2016),
156781,Jimmy Carr: Telling Jokes (2009),
156783,Jimmy Carr: Making People Laugh (2010),
157108,Texas - Doc Snyder hält die Welt in Atem (1993),http://dbpedia.org/resource/Texas_–_Doc_Snyder_hält_die_Welt_in_Atem
157110,00 Schneider - Jagd auf Nihil Baxter (1994),http://dbpedia.org/resource/00_Schneider_–_Jagd_auf_Nihil_Baxter
157369,Bakuman (2015),
157775,Tenchi Muyô! In Love (1996),
158022,Kicking Off (2016),
158027,SORI: Voice from the Heart (2016),
158035,Gintama: The Final Chapter - Be Forever Yorozuya (2013),http://dbpedia.org/resource/Gintama:_The_Movie:_The_Final_Chapter:_Be_Forever_Yorozuya
158874,Karate Bullfighter (1975),http://dbpedia.org/resource/Champion_of_Death
158882,All Yours (2016),http://dbpedia.org/resource/It's_All_Yours
159069,Comedy of the Strict Regime (1993),
159161,Ali Wong: Baby Cobra (2016),
159817,Planet Earth (2006),http://dbpedia.org/resource/Planet_Earth_(2006_TV_series)
159849,Bo Burnham: Make Happy (2016),http://dbpedia.org/resource/Make_Happy
160567,Mike & Dave Need Wedding Dates (2016),
160978,Hellevator (2004),
161024,Jim Jefferies: Freedumb (2016),
161918,Sharknado 4: The 4th Awakens (2016),http://dbpedia.org/resource/Sharknado:_The_4th_Awakens
162344,Tom Segura: Mostly Stories (2016),
162968,Kizumonogatari Part 1: Tekketsu (2016),
162982,Steins;Gate the Movie: The Burden of Déjà vu (2013),http://dbpedia.org/resource/Steins;Gate:_The_Movie_−_Load_Region_of_Déjà_Vu
163072,Winnie Pooh (1969),http://dbpedia.org/resource/Winnie-the-Pooh_(1969_film)
163112,Winnie the Pooh Goes Visiting (1971),http://dbpedia.org/resource/Winnie-the-Pooh_Pays_a_Visit
163386,Winnie the Pooh and the Day of Concern (1972),http://dbpedia.org/resource/Winnie-the-Pooh_and_a_Busy_Day
163527,Comedy Central Roast of David Hasselhoff (2010),
163653,David Cross: Making America Great Again (2016),
164707,Go Figure (2005),
164881,Night Guards (2016),
165343,The Rocky Horror Picture Show: Let's Do the Time Warp Again (2016),http://dbpedia.org/resource/The_Rocky_Horror_Picture_Show:_Let%27s_Do_the_Time_Warp_Again
165483,Joe Rogan: Triggered (2016),
165529,Flowers for Algernon (2000),
165639,While You Were Fighting: A Thor Mockumentary (2016),http://dbpedia.org/resource/Team_Thor
165947,The True Memoirs of an International Assassin (2016),
165959,Alesha Popovich and Tugarin the Dragon (2004),
166183,Junior and Karlson (1968),
166203,Sapphire Blue (2014),
167706,Shakespeare Behind Bars (2005),
167854,"Dana Carvey: Straight White Male, 60 (2016)",
168026,Marvel One-Shot: Agent Carter (2013),http://dbpedia.org/resource/Marvel_One-Shots
168090,Kizumonogatari II: Passionate Blood (2016),
168144,Joe Rogan: Live (2006),
168174,Jim Gaffigan: Cinco (2017),
168218,Kizumonogatari III: Cold Blood (2017),
168248,John Wick: Chapter Two (2017),http://dbpedia.org/resource/John_Wick:_Chapter_2
168632,Bill Burr: Walk Your Way Out (2017),
168846,Neal Brennan: 3 Mics (2017),
169912,Denis Leary: No Cure for Cancer (1993),
170289,Species III (2004),
170297,Ultimate Avengers 2 (2006),
170357,Dave Chappelle: The Age of Spin (2017),
170411,Dave Chappelle: Deep in the Heart of Texas (2017),
170597,A Plasticine Crow (1981),
170777,There Once Was a Dog (1982),
170837,Life-Size (2000),http://dbpedia.org/resource/Life-Size
171011,Planet Earth II (2016),http://dbpedia.org/resource/Planet_Earth_II
171251,"Nobody Speak: Hulk Hogan, Gawker and Trials of a Free Press (2017)",http://dbpedia.org/resource/Nobody_Speak:_Trials_of_the_Free_Press
171631,Maria Bamford: Old Baby,
171695,Robin Williams: Live on Broadway (2002),
171749,Death Note: Desu nôto (2006–2007),http://dbpedia.org/resource/Evil_Eyes
171765,Okja (2017),http://dbpedia.org/resource/Okja
171917,Mystère à la Tour Eiffel (2015),
172321,Late Night with Conan O'Brien: The Best of Triumph the Insult Comic Dog (2004),
172497,T2 3-D: Battle Across Time (1996),http://dbpedia.org/resource/T2-3D:_Battle_Across_Time
172585,Karlson Returns (1970),
172587,Vacations in Prostokvashino (1980),
172589,Winter in Prostokvashino (1984),
172591,The Godfather Trilogy: 1972-1990 (1992),http://dbpedia.org/resource/The_Godfather_(film_series)
172637,Priklyucheniya Kapitana Vrungelya (1979),
172793,Vovka in the Kingdom of Far Far Away (1965),
172825,Adventures of Mowgli: The Kidnapping (1968),http://dbpedia.org/resource/Adventures_of_Mowgli
172875,A Detective Story (2003),
172881,Final Flight of the Osiris (2003),http://dbpedia.org/resource/The_Animatrix
172887,Kid's Story (2003),http://dbpedia.org/resource/The_Animatrix
173235,Tokyo Idols (2017),
173253,Vir Das: Abroad Understanding (2017),
173255,"Norm Macdonald: Hitler's Dog, Gossip & Trickery (2017)",
173307,The Gracefield Incident (2015),
173317,Shadow World (2016),
173351,Wow! A Talking Fish! (1983),
173355,Travels of an Ant (1983),
173535,The Adventures of Sherlock Holmes and Doctor Watson: The Hunt for the Tiger (1980),
174053,Black Mirror: White Christmas (2014),http://dbpedia.org/resource/White_Christmas_(Black_Mirror)
174403,The Putin Interviews (2017),
174479,Unedited Footage of a Bear (2014),
174681,"Oh, Hello: On Broadway (2017)","http://dbpedia.org/resource/The_Oh,_Hello_Show"
175397,"In the blue sea, in the white foam. (1984)",
175401,Wolf and Calf (1984),
175431,Bobik Visiting Barbos (1977),
175435,The Magic Ring (1982),http://dbpedia.org/resource/Tom_and_Jerry:_The_Magic_Ring
175577,Rory Scovel Tries Stand-Up for the First Time (2017),
175693,Rick and Morty: State of Georgia Vs. Denver Fenton Allen (2016),
175707,A German Life (2016),
175743,Self-criticism of a Bourgeois Dog (2017),
175781,Der Herr Karl (1961),
176329,Ari Shaffir: Double Negative (2017),
176415,Alles Inklusive (2014),
176579,Cage Dive (2017),http://dbpedia.org/resource/Open_Water_3:_Cage_Dive
176621,Boniface's Holiday (1965),
177185,Maz Jobrani: Immigrant (2017),
177939,"The Night Is Short, Walk on Girl (2017)","http://dbpedia.org/resource/Night_Is_Short,_Walk_On_Girl"
178129,Adventures in Plymptoons! (2011),
178613,Dave Chappelle: Killin' Them Softly (2000),http://dbpedia.org/resource/Dave_Chappelle:_Killin'_Them_Softly
179135,Blue Planet II (2017),http://dbpedia.org/resource/Blue_Planet_II
179211,Christina P: Mother Inferior (2017),
179427,Dane Cook: Troublemaker (2014),
179511,Emerald Green (2016),
179815,"Roman J. Israel, Esq. (2017)",
180777,Die Frauen von Ravensbrück (2005),
181065,Jack Whitehall: At Large (2017),
181139,Lynne Koplitz: Hormonal Beast (2017),
181413,Too Funny to Fail: The Life and Death of The Dana Carvey Show (2017),http://dbpedia.org/resource/Too_Funny_to_Fail
181659,Craig Ferguson: Tickle Fight (2017),
181719,Serving in Silence: The Margarethe Cammermeyer Story (1995),
182639,The Second Renaissance Part II (2003),
182727,A Christmas Story Live! (2017),
182731,Pixel Perfect (2004),
182749,Judd Apatow: The Return (2017),
182793,The Purple Sea (2009),
183197,Dave Chappelle: Equanimity (2017),
183227,Dave Chappelle: The Bird Revelation (2017),
183301,The Tale of the Bunny Picnic (1986),
183959,Tom Segura: Disgraceful (2018),
184245,De platte jungle (1978),
184257,Making a Murderer (2015),
184641,Fullmetal Alchemist 2018 (2017),
184791,Fred Armisen: Standup for Drummers (2018),
185135,Sherlock - A Study in Pink (2010),http://dbpedia.org/resource/A_Study_in_Pink
185435,"Game Over, Man! (2018)",
185585,Pacific Rim: Uprising (2018),http://dbpedia.org/resource/Pacific_Rim:_Uprising
189547,Iron Soldier (2010),
190209,Jeff Ross Roasts the Border (2017),
190213,John From (2015),
190215,Liquid Truth (2017),
190221,Hommage à Zgougou (et salut à Sabine Mamou) (2002),
193567,anohana: The Flower We Saw That Day - The Movie (2013),http://dbpedia.org/resource/Anohana:_The_Flower_We_Saw_That_Day
193579,Jon Stewart Has Left the Building (2015),
193609,Andrew Dice Clay: Dice Rules (1991),
